repo,pushed_at,real_last_commit,fetched_at
EnhancedJax/Bagels,2025-07-06T01:56:26+00:00,2025-07-06T01:56:23+00:00,2026-10-03T10:42:05.733837+00:00
rafsoh/dimeApp,2025-03-29T03:37:03+00:00,2025-03-29T03:37:02+00:00,2026-10-03T10:42:05.733837+00:00
Tanq16/ExpenseOwl,2025-10-18T14:33:23+00:00,2025-10-02T16:49:21+00:00,2026-10-03T10:42:05.733837+00:00
jakubgarfield/expenses,2024-02-23T13:42:22+00:00,2020-07-31T08:25:26+00:00,2026-10-03T10:42:05.733837+00:00
mtotschnig/MyExpenses,2026-10-02T18:20:17+00:00,2026-10-02T14:36:32+00:00,2026-10-03T10:42:05.733837+00:00
Spikeysanju/Expenso,2023-03-14T23:58:58+00:00,2022-01-04T06:23:28+00:00,2026-10-03T10:42:05.733837+00:00
gokulkrishh/expense.fyi,2026-05-19T00:18:16+00:00,2026-03-08T13:16:33+00:00,2026-10-03T10:42:05.733837+00:00
sameersyd/Expenso-iOS,2023-10-02T07:24:18+00:00,2021-10-09T18:29:56+00:00,2026-10-03T10:42:05.733837+00:00
floranguyen0/mmas-money-tracker,2024-06-05T17:41:41+00:00,2024-05-06T12:38:02+00:00,2026-10-03T10:42:05.733837+00:00
bradtraversy/expense-tracker-react,2023-12-13T02:50:16+00:00,2021-10-20T13:34:12+00:00,2026-10-03T10:42:05.733837+00:00
flow-mn/flow,2026-10-02T07:59:03+00:00,2026-10-02T07:58:55+00:00,2026-10-03T10:42:05.733837+00:00
mitul45/expense-manager,2018-10-11T12:44:24+00:00,2017-12-25T14:53:11+00:00,2026-10-03T10:42:05.733837+00:00
bradtraversy/expense-tracker-mern,2023-03-02T18:41:09+00:00,2022-11-30T22:49:35+00:00,2026-10-03T10:42:05.733837+00:00
nominalista/expenses,2021-07-20T20:16:25+00:00,2021-03-01T20:37:44+00:00,2026-10-03T10:42:05.733837+00:00
DennisBauer/RecurringExpenseTracker,2026-10-03T09:59:53+00:00,2026-09-26T11:16:57+00:00,2026-10-03T10:42:05.733837+00:00
shamahoque/mern-expense-tracker,2026-03-03T00:36:07+00:00,2020-07-14T19:30:50+00:00,2026-10-03T10:42:05.733837+00:00
adrianhajdin/speechly_expense_tracker_project,2022-08-01T07:29:16+00:00,2022-08-01T07:29:16+00:00,2026-10-03T10:42:05.733837+00:00
alfianlosari/SwiftUICDExpenseTrackerCompleted,2020-05-08T02:31:49+00:00,2020-05-08T02:31:48+00:00,2026-10-03T10:42:05.733837+00:00
meech-ward/Bun-Hono-React-Expense-Tracker,2024-11-20T20:56:53+00:00,2024-11-20T20:56:53+00:00,2026-10-03T10:42:05.733837+00:00
simplyvinay/vue-expenses,2024-01-15T06:45:07+00:00,2024-01-15T06:45:07+00:00,2026-10-03T10:42:05.733837+00:00
jwa91/LangGraph-Expense-Tracker,2024-07-09T14:39:47+00:00,2024-07-09T14:39:47+00:00,2026-10-03T10:42:05.733837+00:00
needim/gider.im-pwa,2026-08-01T13:07:33+00:00,2025-12-26T21:58:16+00:00,2026-10-03T10:42:05.733837+00:00
wisnukurniawan/Compose-Expense,2026-09-23T23:48:39+00:00,2026-05-05T04:09:48+00:00,2026-10-03T10:42:05.733837+00:00
dtinth/automatron,2025-12-30T18:22:58+00:00,2025-12-30T18:22:58+00:00,2026-10-03T10:42:05.733837+00:00
abdorizak/Expense-Tracker-App,2024-02-22T09:00:08+00:00,2024-02-22T09:00:04+00:00,2026-10-03T10:42:05.733837+00:00
bradtraversy/vue-expense-tracker,2024-03-27T12:45:42+00:00,2023-11-07T18:14:59+00:00,2026-10-03T10:42:05.733837+00:00
nkuppan/expensemanager,2026-10-03T07:31:15+00:00,2026-10-03T07:21:08+00:00,2026-10-03T10:42:05.733837+00:00
Prashant-123/XpenseTracker,2019-12-04T11:29:08+00:00,2019-12-04T11:29:07+00:00,2026-10-03T10:42:05.733837+00:00
jxxe/payback,2024-01-23T05:25:15+00:00,2024-01-23T05:25:15+00:00,2026-10-03T10:42:05.733837+00:00
ayanchavand/FiTui,2026-07-18T15:30:36+00:00,2026-07-18T15:30:36+00:00,2026-10-03T10:42:05.733837+00:00
musabagab/Money-Manager-Expenses-tracker-app,2020-08-23T10:18:26+00:00,2020-08-23T10:18:25+00:00,2026-10-03T10:42:05.733837+00:00
thecodedealer/expense-tracker_fullstack,2024-06-08T16:39:19+00:00,2023-02-09T18:44:02+00:00,2026-10-03T10:42:05.733837+00:00
lossless-protocols-org/zero,2026-08-28T07:21:07+00:00,2026-08-28T07:19:58+00:00,2026-10-03T10:42:05.733837+00:00
sammitjain/budget-tracker,2022-10-05T10:16:30+00:00,2022-10-05T10:16:30+00:00,2026-10-03T10:42:05.733837+00:00
CodAffection/Expense-Tracker-App-in-Asp.Net-Core-MVC,2024-01-24T20:58:22+00:00,2022-07-25T03:24:51+00:00,2026-10-03T10:42:05.733837+00:00
Wittline/uber-expenses-tracking,2022-06-29T15:08:53+00:00,2022-06-29T15:08:53+00:00,2026-10-03T10:42:05.733837+00:00
Priyanshu9898/Expense-Tracker-App,2023-11-17T05:00:18+00:00,2023-11-17T05:00:18+00:00,2026-10-03T10:42:05.733837+00:00
pairlearning/expense-tracker-api,2020-05-24T14:04:43+00:00,2020-05-24T13:58:03+00:00,2026-10-03T10:42:05.733837+00:00
mosh-hamedani/expense-tracker-starter,2026-03-12T17:30:19+00:00,2026-03-12T17:28:37+00:00,2026-10-03T10:42:05.733837+00:00
betomoedano/Budget-Buddy-App,2025-07-24T21:24:20+00:00,2025-07-24T21:24:19+00:00,2026-10-03T10:42:05.733837+00:00
nafishahmeddev/fintracker,2025-07-07T13:30:22+00:00,2024-08-13T15:30:42+00:00,2026-10-03T10:42:05.733837+00:00
devaldaki3/BudgetBudy,2026-01-16T17:38:04+00:00,2026-01-16T17:37:59+00:00,2026-10-03T10:42:05.733837+00:00
FirebaseExtended/expense-tracker,2026-06-23T22:43:16+00:00,2024-08-11T05:00:31+00:00,2026-10-03T10:42:05.733837+00:00
dabberman456/finance-mcp-app,2026-09-14T07:57:38+00:00,2026-09-14T07:57:33+00:00,2026-10-03T10:42:05.733837+00:00
DharshiBalasubramaniyam/Fullstack-Expense-Tracker,2025-08-28T10:50:33+00:00,2025-04-10T04:03:28+00:00,2026-10-03T10:42:05.733837+00:00
moonshadowrev/PersonalAccounter,2025-08-25T22:27:26+00:00,2025-08-25T22:27:20+00:00,2026-10-03T10:42:05.733837+00:00
rahulhaque/expense-tracker-react,2026-09-09T18:28:06+00:00,2026-09-09T18:27:58+00:00,2026-10-03T10:42:05.733837+00:00
bradtraversy/expense-tracker-nextjs,2024-06-25T17:55:37+00:00,2024-06-25T17:55:37+00:00,2026-10-03T10:42:05.733837+00:00
YogeshPrasanna/expense-manager-react,2025-12-08T15:34:46+00:00,2025-12-08T15:34:46+00:00,2026-10-03T10:42:05.733837+00:00
syncfusion/Xamarin-ExpenseAnalysis,2022-03-29T07:06:58+00:00,2022-03-29T07:06:18+00:00,2026-10-03T10:42:05.733837+00:00
